city,state,lat,lng,note
Bronx,NY,40.845,-73.865,approx-verify
Jacumba,CA,32.617,-116.188,approx-verify
Willow Beach,AZ,35.866,-114.664,approx-verify
Hot Springs National Park,AR,34.504,-93.055,approx-verify
Pueblo Of Acoma,NM,34.90,-107.58,approx-verify
S Coffeyville,OK,36.899,-95.615,approx-verify
Thorofare,NJ,39.859,-75.211,approx-verify
Baileyville,ME,45.125,-67.415,approx-verify
Corinth,ME,44.992,-68.962,approx-verify
Crescent,PA,40.544,-80.202,approx-verify
Derby,VT,44.950,-72.133,approx-verify
Dundee,IL,42.095,-88.270,approx-verify
East Lyme,CT,41.359,-72.229,approx-verify
Willington,CT,41.872,-72.260,approx-verify
New York,NY,40.71427,-74.00597,common-gazetteer-alias
